{"cameraMode":{"drawMode":0,"name":"Shaded","section":"Shading Mode"},"sceneLighting":true,"audioPlay":false,"sceneViewState":{"showFog":true,"showMaterialUpdate":false,"showSkybox":true,"showFlares":true,"showImageEffects":true,"showParticleSystems":true},"in2DMode":false,"pivot":{"x":-0.11008072644472122,"y":1.4474040269851685,"z":-1.5994242429733277},"rotation":{"x":0.04364743456244469,"y":0.08412671834230423,"z":-0.0036892679054290058,"w":0.9954918622970581},"size":0.06945610046386719,"orthographic":false}