{"cameraMode":{"drawMode":0,"name":"Shaded","section":"Shading Mode"},"sceneLighting":false,"audioPlay":false,"sceneViewState":{"showFog":true,"showMaterialUpdate":false,"showSkybox":true,"showFlares":true,"showImageEffects":true,"showParticleSystems":true},"in2DMode":false,"pivot":{"x":-2.905853509902954,"y":0.0035879816859960558,"z":-6.4337544441223148},"rotation":{"x":-0.21820957958698274,"y":0.2586665451526642,"z":-0.06010555475950241,"w":-0.9390758872032166},"size":0.041566722095012668,"orthographic":false}